{
    "roc_auc": 0.984574269728292,
    "pr_auc": 0.841930454516983,
    "classification_report": {
        "0": {
            "precision": 0.9996658988200953,
            "recall": 0.9998065457870948,
            "f1-score": 0.9997362173568979,
            "support": 56861.0
        },
        "1": {
            "precision": 0.8777777777777778,
            "recall": 0.8061224489795918,
            "f1-score": 0.8404255319148937,
            "support": 98.0
        },
        "accuracy": 0.9994733053599958,
        "macro avg": {
            "precision": 0.9387218382989365,
            "recall": 0.9029644973833433,
            "f1-score": 0.9200808746358957,
            "support": 56959.0
        },
        "weighted avg": {
            "precision": 0.9994561859413202,
            "recall": 0.9994733053599958,
            "f1-score": 0.9994621176154467,
            "support": 56959.0
        }
    }
}