{
    "roc_auc": 0.9851423445066253,
    "pr_auc": 0.8778524663739183,
    "precision": 0.7685185185185185,
    "recall": 0.8469387755102041
}